,Breed,Total
0,cockapoo,3.234679224563923
1,springer spaniel,2.5404400895383707
2,poodle,0.4228787430840056
